id,xpos,ypos,zpos,xrot,yrot,zrot,xscale,yscale,zscale
100,-14.776,0.169,0.5485448,0,91.63119,0,1,1,1
101,13.43295,0.294,0.6347361,0,-90,0,1,1,1
200,-72.66719,0.5,-3.303783,0,94.47952,0,1,1,1
