index,xpos,ypos,zpos,xrot,yrot,zrot,xscale,yscale,zscale
0,13.43295,0.294,0.6347361,0,270,0,1,1,1
1,-14.776,0.169,0.5485448,0,91.63117,0,1,1,1
