index,id,xpos,ypos,zpos,xrot,yrot,zrot,xscale,yscale,zscale
0,2000,-10.98,0.169,7.23,0,180,0,1,1,1
1,2002,3.673774,0.153,2.651065,0,249.7438,0,1,1,1
