index,id,xpos,ypos,zpos,xrot,yrot,zrot,xscale,yscale,zscale
0,2000,-1.5,0.169,-20.44,0,0,0,1,1,1
1,2001,-10.66,0.18,7.31,0,180,0,1,1,1
2,2002,3.673774,0.153,2.651065,0,249.7438,0,1,1,1
